[
    {
        "date": "2020-01-13 11:11:11",
        "name": "James Bond",
        "replies": [
            {
                "date": "2020-01-13 11:12:13",
                "name": "James Bond Fan",
                "replies": [],
                "text": "Nice to meet you, Mr. Bond"
            },
            {
                "date": "2020-01-13 11:12:13",
                "name": "AAAA James Bond Fan",
                "replies": [],
                "text": "Nice to meet you, Mr. Bond"
            },
            {
                "date": "2020-01-13 11:12:13",
                "name": "SSSSS James Bond Fan",
                "replies": [],
                "text": "Nice to meet you, Mr. Bond"
            }
        ],
        "text": "My name is Bond, James Bond!"
    },
    {
        "date": "2020-01-13 11:11:11",
        "name": "Iron Man James Bond 2",
        "replies": [
            {
                "date": "2020-01-13 11:12:13",
                "name": "James Bond Fan",
                "replies": [],
                "text": "Nice to meet you, Mr. Bond"
            }
        ],
        "text": "This is my second comment. My name is Bond, James Bond!"
    },
    {
        "date": "2021-03-07 08:15:03",
        "name": "Rose and Jack",
        "replies": [],
        "text": "Titanic movie is fantastic. The story and the screenplay by the actors was just perfect. Recommended for all to watch at least once. "
    }
]